
insert into sampleMember(user_Id,password,email,tel,created_at,modified_at,activated) values('user01','{bcrypt}$2a$10$wpExfAsDJ/5XjVmM7ybfmex6PghsJSY1pN9U8KOE5ps09ZwfNFUSC','test@grepp.com','01000000000',now(),now(),TRUE);
insert into sampleMember(user_Id,password,email,tel,created_at,modified_at,activated) values('user02','{bcrypt}$2a$10$wpExfAsDJ/5XjVmM7ybfmex6PghsJSY1pN9U8KOE5ps10ZwfNFUSC','test@grepp.com','01000000001',now(),now(),TRUE);
insert into sampleMember(user_Id,password,email,tel,created_at,modified_at,activated) values('user03','{bcrypt}$2a$10$wpExfAsDJ/5XjVmM7ybfmex6PghsJSY1pN9U8KOE5ps11ZwfNFUSC','test@grepp.com','01000000002',now(),now(),TRUE);
insert into sampleMember(user_Id,password,email,tel,created_at,modified_at,activated) values('user04','{bcrypt}$2a$10$wpExfAsDJ/5XjVmM7ybfmex6PghsJSY1pN9U8KOE5ps12ZwfNFUSC','test@grepp.com','01000000003',now(),now(),TRUE);
insert into sampleMember(user_Id,password,email,tel,created_at,modified_at,activated) values('user05','{bcrypt}$2a$10$wpExfAsDJ/5XjVmM7ybfmex6PghsJSY1pN9U8KOE5ps13ZwfNFUSC','test@grepp.com','01000000004',now(),now(),TRUE);
insert into sampleMember(user_Id,password,email,tel,created_at,modified_at,activated) values('user06','{bcrypt}$2a$10$wpExfAsDJ/5XjVmM7ybfmex6PghsJSY1pN9U8KOE5ps14ZwfNFUSC','test@grepp.com','01000000005',now(),now(),TRUE);
insert into sampleMember(user_Id,password,email,tel,created_at,modified_at,activated) values('user07','{bcrypt}$2a$10$wpExfAsDJ/5XjVmM7ybfmex6PghsJSY1pN9U8KOE5ps15ZwfNFUSC','test@grepp.com','01000000006',now(),now(),TRUE);
insert into sampleMember(user_Id,password,email,tel,created_at,modified_at,activated) values('user08','{bcrypt}$2a$10$wpExfAsDJ/5XjVmM7ybfmex6PghsJSY1pN9U8KOE5ps16ZwfNFUSC','test@grepp.com','01000000007',now(),now(),TRUE);
insert into sampleMember(user_Id,password,email,tel,created_at,modified_at,activated) values('user09','{bcrypt}$2a$10$wpExfAsDJ/5XjVmM7ybfmex6PghsJSY1pN9U8KOE5ps17ZwfNFUSC','test@grepp.com','01000000008',now(),now(),TRUE);
insert into sampleMember(user_Id,password,email,tel,created_at,modified_at,activated) values('user10','{bcrypt}$2a$10$wpExfAsDJ/5XjVmM7ybfmex6PghsJSY1pN9U8KOE5ps18ZwfNFUSC','test@grepp.com','01000000009',now(),now(),TRUE);
insert into sampleMember(user_Id,password,email,tel,created_at,modified_at,activated) values('user11','{bcrypt}$2a$10$wpExfAsDJ/5XjVmM7ybfmex6PghsJSY1pN9U8KOE5ps19ZwfNFUSC','test@grepp.com','01000000010',now(),now(),TRUE);
insert into sampleMember(user_Id,password,email,tel,created_at,modified_at,activated) values('user12','{bcrypt}$2a$10$wpExfAsDJ/5XjVmM7ybfmex6PghsJSY1pN9U8KOE5ps20ZwfNFUSC','test@grepp.com','01000000011',now(),now(),TRUE);
insert into sampleMember(user_Id,password,email,tel,created_at,modified_at,activated) values('user13','{bcrypt}$2a$10$wpExfAsDJ/5XjVmM7ybfmex6PghsJSY1pN9U8KOE5ps21ZwfNFUSC','test@grepp.com','01000000012',now(),now(),TRUE);
insert into sampleMember(user_Id,password,email,tel,created_at,modified_at,activated) values('user14','{bcrypt}$2a$10$wpExfAsDJ/5XjVmM7ybfmex6PghsJSY1pN9U8KOE5ps22ZwfNFUSC','test@grepp.com','01000000013',now(),now(),TRUE);
insert into sampleMember(user_Id,password,email,tel,created_at,modified_at,activated) values('user15','{bcrypt}$2a$10$wpExfAsDJ/5XjVmM7ybfmex6PghsJSY1pN9U8KOE5ps23ZwfNFUSC','test@grepp.com','01000000014',now(),now(),TRUE);
insert into sampleMember(user_Id,password,email,tel,created_at,modified_at,activated) values('user16','{bcrypt}$2a$10$wpExfAsDJ/5XjVmM7ybfmex6PghsJSY1pN9U8KOE5ps24ZwfNFUSC','test@grepp.com','01000000015',now(),now(),TRUE);
insert into sampleMember(user_Id,password,email,tel,created_at,modified_at,activated) values('user17','{bcrypt}$2a$10$wpExfAsDJ/5XjVmM7ybfmex6PghsJSY1pN9U8KOE5ps25ZwfNFUSC','test@grepp.com','01000000016',now(),now(),TRUE);
insert into sampleMember(user_Id,password,email,tel,created_at,modified_at,activated) values('user18','{bcrypt}$2a$10$wpExfAsDJ/5XjVmM7ybfmex6PghsJSY1pN9U8KOE5ps26ZwfNFUSC','test@grepp.com','01000000017',now(),now(),TRUE);
insert into sampleMember(user_Id,password,email,tel,created_at,modified_at,activated) values('user19','{bcrypt}$2a$10$wpExfAsDJ/5XjVmM7ybfmex6PghsJSY1pN9U8KOE5ps27ZwfNFUSC','test@grepp.com','01000000018',now(),now(),TRUE);
insert into sampleMember(user_Id,password,email,tel,created_at,modified_at,activated) values('user20','{bcrypt}$2a$10$wpExfAsDJ/5XjVmM7ybfmex6PghsJSY1pN9U8KOE5ps28ZwfNFUSC','test@grepp.com','01000000019',now(),now(),TRUE);
insert into sampleMember(user_Id,password,email,tel,created_at,modified_at,activated) values('user21','{bcrypt}$2a$10$wpExfAsDJ/5XjVmM7ybfmex6PghsJSY1pN9U8KOE5ps29ZwfNFUSC','test@grepp.com','01000000020',now(),now(),TRUE);
insert into sampleMember(user_Id,password,email,tel,created_at,modified_at,activated) values('user22','{bcrypt}$2a$10$wpExfAsDJ/5XjVmM7ybfmex6PghsJSY1pN9U8KOE5ps30ZwfNFUSC','test@grepp.com','01000000021',now(),now(),TRUE);
insert into sampleMember(user_Id,password,email,tel,created_at,modified_at,activated) values('user23','{bcrypt}$2a$10$wpExfAsDJ/5XjVmM7ybfmex6PghsJSY1pN9U8KOE5ps31ZwfNFUSC','test@grepp.com','01000000022',now(),now(),TRUE);
insert into sampleMember(user_Id,password,email,tel,created_at,modified_at,activated) values('user24','{bcrypt}$2a$10$wpExfAsDJ/5XjVmM7ybfmex6PghsJSY1pN9U8KOE5ps32ZwfNFUSC','test@grepp.com','01000000023',now(),now(),TRUE);
insert into sampleMember(user_Id,password,email,tel,created_at,modified_at,activated) values('user25','{bcrypt}$2a$10$wpExfAsDJ/5XjVmM7ybfmex6PghsJSY1pN9U8KOE5ps33ZwfNFUSC','test@grepp.com','01000000024',now(),now(),TRUE);
insert into sampleMember(user_Id,password,email,tel,created_at,modified_at,activated) values('user26','{bcrypt}$2a$10$wpExfAsDJ/5XjVmM7ybfmex6PghsJSY1pN9U8KOE5ps34ZwfNFUSC','test@grepp.com','01000000025',now(),now(),TRUE);
insert into sampleMember(user_Id,password,email,tel,created_at,modified_at,activated) values('user27','{bcrypt}$2a$10$wpExfAsDJ/5XjVmM7ybfmex6PghsJSY1pN9U8KOE5ps35ZwfNFUSC','test@grepp.com','01000000026',now(),now(),TRUE);
insert into sampleMember(user_Id,password,email,tel,created_at,modified_at,activated) values('user28','{bcrypt}$2a$10$wpExfAsDJ/5XjVmM7ybfmex6PghsJSY1pN9U8KOE5ps36ZwfNFUSC','test@grepp.com','01000000027',now(),now(),TRUE);
insert into sampleMember(user_Id,password,email,tel,created_at,modified_at,activated) values('user29','{bcrypt}$2a$10$wpExfAsDJ/5XjVmM7ybfmex6PghsJSY1pN9U8KOE5ps37ZwfNFUSC','test@grepp.com','01000000028',now(),now(),TRUE);
insert into sampleMember(user_Id,password,email,tel,created_at,modified_at,activated) values('user30','{bcrypt}$2a$10$wpExfAsDJ/5XjVmM7ybfmex6PghsJSY1pN9U8KOE5ps38ZwfNFUSC','test@grepp.com','01000000029',now(),now(),TRUE);
insert into sampleMember(user_Id,password,email,tel,created_at,modified_at,activated) values('user31','{bcrypt}$2a$10$wpExfAsDJ/5XjVmM7ybfmex6PghsJSY1pN9U8KOE5ps39ZwfNFUSC','test@grepp.com','01000000030',now(),now(),TRUE);
insert into sampleMember(user_Id,password,email,tel,created_at,modified_at,activated) values('user32','{bcrypt}$2a$10$wpExfAsDJ/5XjVmM7ybfmex6PghsJSY1pN9U8KOE5ps40ZwfNFUSC','test@grepp.com','01000000031',now(),now(),TRUE);
insert into sampleMember(user_Id,password,email,tel,created_at,modified_at,activated) values('user33','{bcrypt}$2a$10$wpExfAsDJ/5XjVmM7ybfmex6PghsJSY1pN9U8KOE5ps41ZwfNFUSC','test@grepp.com','01000000032',now(),now(),TRUE);
insert into sampleMember(user_Id,password,email,tel,created_at,modified_at,activated) values('user34','{bcrypt}$2a$10$wpExfAsDJ/5XjVmM7ybfmex6PghsJSY1pN9U8KOE5ps42ZwfNFUSC','test@grepp.com','01000000033',now(),now(),TRUE);
insert into sampleMember(user_Id,password,email,tel,created_at,modified_at,activated) values('user35','{bcrypt}$2a$10$wpExfAsDJ/5XjVmM7ybfmex6PghsJSY1pN9U8KOE5ps43ZwfNFUSC','test@grepp.com','01000000034',now(),now(),TRUE);
insert into sampleMember(user_Id,password,email,tel,created_at,modified_at,activated) values('user36','{bcrypt}$2a$10$wpExfAsDJ/5XjVmM7ybfmex6PghsJSY1pN9U8KOE5ps44ZwfNFUSC','test@grepp.com','01000000035',now(),now(),TRUE);
insert into sampleMember(user_Id,password,email,tel,created_at,modified_at,activated) values('user37','{bcrypt}$2a$10$wpExfAsDJ/5XjVmM7ybfmex6PghsJSY1pN9U8KOE5ps45ZwfNFUSC','test@grepp.com','01000000036',now(),now(),TRUE);
insert into sampleMember(user_Id,password,email,tel,created_at,modified_at,activated) values('user38','{bcrypt}$2a$10$wpExfAsDJ/5XjVmM7ybfmex6PghsJSY1pN9U8KOE5ps46ZwfNFUSC','test@grepp.com','01000000037',now(),now(),TRUE);
insert into sampleMember(user_Id,password,email,tel,created_at,modified_at,activated) values('user39','{bcrypt}$2a$10$wpExfAsDJ/5XjVmM7ybfmex6PghsJSY1pN9U8KOE5ps47ZwfNFUSC','test@grepp.com','01000000038',now(),now(),TRUE);
insert into sampleMember(user_Id,password,email,tel,created_at,modified_at,activated) values('user40','{bcrypt}$2a$10$wpExfAsDJ/5XjVmM7ybfmex6PghsJSY1pN9U8KOE5ps48ZwfNFUSC','test@grepp.com','01000000039',now(),now(),TRUE);
insert into sampleMember(user_Id,password,email,tel,created_at,modified_at,activated) values('user41','{bcrypt}$2a$10$wpExfAsDJ/5XjVmM7ybfmex6PghsJSY1pN9U8KOE5ps49ZwfNFUSC','test@grepp.com','01000000040',now(),now(),TRUE);
insert into sampleMember(user_Id,password,email,tel,created_at,modified_at,activated) values('user42','{bcrypt}$2a$10$wpExfAsDJ/5XjVmM7ybfmex6PghsJSY1pN9U8KOE5ps50ZwfNFUSC','test@grepp.com','01000000041',now(),now(),TRUE);
insert into sampleMember(user_Id,password,email,tel,created_at,modified_at,activated) values('user43','{bcrypt}$2a$10$wpExfAsDJ/5XjVmM7ybfmex6PghsJSY1pN9U8KOE5ps51ZwfNFUSC','test@grepp.com','01000000042',now(),now(),TRUE);
insert into sampleMember(user_Id,password,email,tel,created_at,modified_at,activated) values('user44','{bcrypt}$2a$10$wpExfAsDJ/5XjVmM7ybfmex6PghsJSY1pN9U8KOE5ps52ZwfNFUSC','test@grepp.com','01000000043',now(),now(),TRUE);
insert into sampleMember(user_Id,password,email,tel,created_at,modified_at,activated) values('user45','{bcrypt}$2a$10$wpExfAsDJ/5XjVmM7ybfmex6PghsJSY1pN9U8KOE5ps53ZwfNFUSC','test@grepp.com','01000000044',now(),now(),TRUE);


insert into student(user_Id,name,mbti,major,created_at,modified_at,activated) values('user01','박현도','INTJ','frontend',now(),now(),TRUE);
insert into student(user_Id,name,mbti,major,created_at,modified_at,activated) values('user02','이강현','INTP','frontend',now(),now(),TRUE);
insert into student(user_Id,name,mbti,major,created_at,modified_at,activated) values('user03','김나단','ENTJ','frontend',now(),now(),TRUE);
insert into student(user_Id,name,mbti,major,created_at,modified_at,activated) values('user04','김도연','ENTP','frontend',now(),now(),TRUE);
insert into student(user_Id,name,mbti,major,created_at,modified_at,activated) values('user05','노선우','INFJ','frontend',now(),now(),TRUE);
insert into student(user_Id,name,mbti,major,created_at,modified_at,activated) values('user06','정성원','INFP','frontend',now(),now(),TRUE);
insert into student(user_Id,name,mbti,major,created_at,modified_at,activated) values('user07','남다빈','ENFJ','frontend',now(),now(),TRUE);
insert into student(user_Id,name,mbti,major,created_at,modified_at,activated) values('user08','류이서','ENFP','frontend',now(),now(),TRUE);
insert into student(user_Id,name,mbti,major,created_at,modified_at,activated) values('user09','박병석','ISTJ','frontend',now(),now(),TRUE);
insert into student(user_Id,name,mbti,major,created_at,modified_at,activated) values('user10','손창민','ISFJ','backend',now(),now(),TRUE);
insert into student(user_Id,name,mbti,major,created_at,modified_at,activated) values('user11','김도윤','ESTJ','backend',now(),now(),TRUE);
insert into student(user_Id,name,mbti,major,created_at,modified_at,activated) values('user12','조희제','ESFJ','backend',now(),now(),TRUE);
insert into student(user_Id,name,mbti,major,created_at,modified_at,activated) values('user13','박승민','ISTP','backend',now(),now(),TRUE);
insert into student(user_Id,name,mbti,major,created_at,modified_at,activated) values('user14','강대겸','ISFP','backend',now(),now(),TRUE);
insert into student(user_Id,name,mbti,major,created_at,modified_at,activated) values('user15','강민서','ESTP','backend',now(),now(),TRUE);
insert into student(user_Id,name,mbti,major,created_at,modified_at,activated) values('user16','강현진','ESFP','backend',now(),now(),TRUE);
insert into student(user_Id,name,mbti,major,created_at,modified_at,activated) values('user17','김예원','INTJ','backend',now(),now(),TRUE);
insert into student(user_Id,name,mbti,major,created_at,modified_at,activated) values('user18','김윤서','INTP','backend',now(),now(),TRUE);
insert into student(user_Id,name,mbti,major,created_at,modified_at,activated) values('user19','김준형','ENTJ','backend',now(),now(),TRUE);
insert into student(user_Id,name,mbti,major,created_at,modified_at,activated) values('user20','김현수','ENTP','backend',now(),now(),TRUE);
insert into student(user_Id,name,mbti,major,created_at,modified_at,activated) values('user21','박연수','INFJ','backend',now(),now(),TRUE);
insert into student(user_Id,name,mbti,major,created_at,modified_at,activated) values('user22','박종욱','INFP','infrastructure',now(),now(),TRUE);
insert into student(user_Id,name,mbti,major,created_at,modified_at,activated) values('user23','박현서','ENFJ','infrastructure',now(),now(),TRUE);
insert into student(user_Id,name,mbti,major,created_at,modified_at,activated) values('user24','손혜은','ENFP','infrastructure',now(),now(),TRUE);
insert into student(user_Id,name,mbti,major,created_at,modified_at,activated) values('user25','안세희','ISTJ','infrastructure',now(),now(),TRUE);
insert into student(user_Id,name,mbti,major,created_at,modified_at,activated) values('user26','안재호','ISFJ','infrastructure',now(),now(),TRUE);
insert into student(user_Id,name,mbti,major,created_at,modified_at,activated) values('user27','안준희','ESTJ','infrastructure',now(),now(),TRUE);
insert into student(user_Id,name,mbti,major,created_at,modified_at,activated) values('user28','오준혁','ESFJ','infrastructure',now(),now(),TRUE);
insert into student(user_Id,name,mbti,major,created_at,modified_at,activated) values('user29','윤동현','ISTP','infrastructure',now(),now(),TRUE);
insert into student(user_Id,name,mbti,major,created_at,modified_at,activated) values('user30','이서준','ISFP','infrastructure',now(),now(),TRUE);
insert into student(user_Id,name,mbti,major,created_at,modified_at,activated) values('user31','이인선','ESTP','infrastructure',now(),now(),TRUE);
insert into student(user_Id,name,mbti,major,created_at,modified_at,activated) values('user32','임서현','ESFP','infrastructure',now(),now(),TRUE);
insert into student(user_Id,name,mbti,major,created_at,modified_at,activated) values('user33','전정원','INTJ','backend',now(),now(),TRUE);
insert into student(user_Id,name,mbti,major,created_at,modified_at,activated) values('user34','정기문','INTP','backend',now(),now(),TRUE);
insert into student(user_Id,name,mbti,major,created_at,modified_at,activated) values('user35','정서윤','ENTJ','backend',now(),now(),TRUE);
insert into student(user_Id,name,mbti,major,created_at,modified_at,activated) values('user36','채철민','ENTP','backend',now(),now(),TRUE);
insert into student(user_Id,name,mbti,major,created_at,modified_at,activated) values('user37','최대열','INFJ','infrastructure',now(),now(),TRUE);
insert into student(user_Id,name,mbti,major,created_at,modified_at,activated) values('user38','최동준','INFP','infrastructure',now(),now(),TRUE);
insert into student(user_Id,name,mbti,major,created_at,modified_at,activated) values('user39','최종우','ENFJ','infrastructure',now(),now(),TRUE);
insert into student(user_Id,name,mbti,major,created_at,modified_at,activated) values('user40','김찬우','ENFP','infrastructure',now(),now(),TRUE);
insert into student(user_Id,name,mbti,major,created_at,modified_at,activated) values('user41','유강현','ISTJ','frontend',now(),now(),TRUE);
insert into student(user_Id,name,mbti,major,created_at,modified_at,activated) values('user42','정성연','ISFJ','frontend',now(),now(),TRUE);
insert into student(user_Id,name,mbti,major,created_at,modified_at,activated) values('user43','이초롱','ESTJ','frontend',now(),now(),TRUE);
insert into student(user_Id,name,mbti,major,created_at,modified_at,activated) values('user44','황영준','ESFJ','frontend',now(),now(),TRUE);
insert into student(user_Id,name,mbti,major,created_at,modified_at,activated) values('user45','양이솔','ISTP','frontend',now(),now(),TRUE);


insert into team(id, NAME) values (1000, 'grepp');
insert into team(id, NAME) values (1001, 'programmers');

insert into team_member(id, TEAM_ID, USER_ID, ROLE, activated)
values(1000, 1000, 'super', 'LEADER', true);
insert into team_member(id, TEAM_ID, USER_ID, ROLE, activated)
values(1001, 1000, 'test', 'MEMBER', true);

insert into team_member(id, TEAM_ID, USER_ID, ROLE, activated)
values(1002, 1001, 'super', 'MEMBER', true);
insert into team_member(id, TEAM_ID, USER_ID, ROLE, activated)
values(1003, 1001, 'test', 'LEADER', true);

insert into book(id,author,amount,category,title,rent_cnt, activated)values(1000,'김애란','3','NOVEL','비행운',5, true);
insert into book(id,author,amount,category,title,rent_cnt, activated)values(1001,'조앤롤링','4','NOVEL','해리포터',4, true);
insert into book(id,author,amount,category,title,rent_cnt, activated)values(1002,'에리히프롬','5','HUMANITY','사랑의기술',3, true);
insert into book(id,author,amount,category,title,rent_cnt, activated)values(1003,'비트겐슈타인','6','HUMANITY','논리철학논고',2, true);
insert into book(id,author,amount,category,title,rent_cnt, activated)values(1004,'황정은','7','NOVEL','디디의우산',10, true);
insert into book(id,author,amount,category,title,rent_cnt, activated)values(1005,'test','7','NOVEL','test',10, true);
insert into book(id,author,amount,category,title,rent_cnt, activated)values(1006,'김애란','3','NOVEL','비행운',5, true);
insert into book(id,author,amount,category,title,rent_cnt, activated)values(1007,'조앤롤링','4','NOVEL','해리포터',4, true);
insert into book(id,author,amount,category,title,rent_cnt, activated)values(1008,'에리히프롬','5','HUMANITY','사랑의기술',3, true);
insert into book(id,author,amount,category,title,rent_cnt, activated)values(1009,'비트겐슈타인','6','HUMANITY','논리철학논고',2, true);
insert into book(id,author,amount,category,title,rent_cnt, activated)values(1010,'황정은','7','NOVEL','디디의우산',10, true);
insert into book(id,author,amount,category,title,rent_cnt, activated)values(1011,'test','7','NOVEL','test',10, true);


insert into rent(id,title,user_id) values(100001,'비행운 외 1권','test');
insert into rent(id,title,user_id) values(100002,'비행운 외 1권','jpa');
insert into rent(id,title,user_id) values(100003,'비행운 외 1권','security');
insert into rent(id,title,user_id) values(100004,'디디의 우산 외 1권','test');
insert into rent(id,title,user_id) values(100005,'논리철학논고 외 1권','test');

insert into rent_book(id,rent_id,book_id,state) values(200001,100001,1000,'RENT');
insert into rent_book(id,rent_id,book_id,state) values(200002,100001,1001,'RENT');
insert into rent_book(id,rent_id,book_id,state) values(200003,100002,1000,'RENT');
insert into rent_book(id,rent_id,book_id,state) values(200004,100002,1001,'RENT');
insert into rent_book(id,rent_id,book_id,state) values(200005,100003,1000,'RENT');
insert into rent_book(id,rent_id,book_id,state) values(200006,100003,1001,'RENT');
insert into rent_book(id,rent_id,book_id,state) values(200007,100004,1004,'RENT');
insert into rent_book(id,rent_id,book_id,state) values(200008,100004,1003,'RENT');
insert into rent_book(id,rent_id,book_id,state) values(200009,100005,1004,'RENT');
insert into rent_book(id,rent_id,book_id,state) values(200010,100005,1003,'RENT');
